{
  "FrannnDev": {
    "Test": {
      "x": -9.62209911873834,
      "y": 35,
      "z": 54.69999998807907,
      "yaw": 9,
      "pitch": 14
    }
  }
}
